Rank,Title,Publisher,Store
1,"2026 큰별쌤 최태성의 별★별한국사 기출 500제 한국사능력검정시험 심화 (1, 2, 3급)",이투스북,Aladin
2,"2026 큰별쌤 최태성의 별★별한국사 한국사능력검정시험 심화(1, 2, 3급) 하",이투스북,Aladin
3,"2026 큰별쌤 최태성의 별★별한국사 한국사능력검정시험 심화(1, 2, 3급) 상",이투스북,Aladin
4,2027 유휘운 행정법총론 요약노트 + 기출문제 (요.플.) [회독용 암기 APP 제공],넥스트스터디(모두공북스),Aladin
5,2027 공단기 써니 행정법총론 기본서 - 전2권,공단기(에스티유니타스),Aladin
6,2026 시대에듀 투자자산운용사 실제유형 모의고사 + 특별부록 PASSCODE Premium Plus ver 3.0,시대에듀(시대고시기획),Aladin
7,2027 선재국어 독해야 산다 1일 1독,수비니겨,Aladin
8,2027 공단기 소방단기 써니 행정법총론 핵심집약,공단기(에스티유니타스),Aladin
9,"큰별쌤 최태성의 별별한국사 시대별 기출문제집 한국사능력검정시험 심화(1,2,3급)",이투스북,Aladin
10,2027 공단기 심슨 보카,공단기(에스티유니타스),Aladin
11,2027 민준호 독학 행정법 필기노트,호인북스,Aladin
12,2027 공단기 선재국어 한 권으로 끝장내는 올인원 공무원 국어,공단기(에스티유니타스),Aladin
13,2027 민준호 독학 행정법 오엑스,호인북스,Aladin
14,독끝 NCS 통합 기본서(PAST형+모듈형+피듈형) : 공기업 NCS 대비 세트 - 전2권,애드투,Aladin
15,2027 심슨 문법,공단기(에스티유니타스),Aladin
16,2027 공단기 심슨 독해,공단기(에스티유니타스),Aladin
17,2026 김건호 헌법 최근 3개년 기출ㆍ예상 헌법판례 [하반기],박영사,Aladin
18,한자급수자격시험 대한검정회 5급,한출판,Aladin
19,2026 COMPACT 형사법 최신판례,타임노트,Aladin
20,2027 황철곤 행정학 기본서 - 전2권,넥스트스터디(모두공북스),Aladin
21,2027 심슨 구문,공단기(에스티유니타스),Aladin
22,2026 스티마 면접 지방직 (공통편),박영사,Aladin
23,2027 공단기 선재국어 시간 단축 논리 훈련,공단기(에스티유니타스),Aladin
24,2026 스티마 면접 지방직 (경기도 부록편),박영사,Aladin
25,2027 선재국어 시간 단축 독해 훈련 1일 3독,수비니겨,Aladin
26,"큰별쌤 최태성의 별별한국사 7일의 기적 한국사능력검정시험 심화(1, 2, 3급)",이투스북,Aladin
27,한능검 한정판 : 한 권으로 정리하는 판서노트,공단기(에스티유니타스),Aladin
28,2026 단기 합격 해커스공기업 NCS 통합 기본서 (모듈형+피듈형+PSAT형+모의고사 6회분),해커스잡,Aladin
29,2027 김영북스 공부돼지 벼락치기 한능검 한국사능력검정시험 심화(1·2·3급),김영북스,Aladin
30,2027 공단기 심우철 하프 모의고사 Season 1 : 70+,공단기(에스티유니타스),Aladin
31,경찰 헌법도약 동형모의고사 : 26년 2차 경찰시험대비,윌비스(미래와사람 한림법학원),Aladin
32,2027 유휘운 행정법총론 기출문제 풀어주는 기본서 (기.풀.기.)  - 전2권 [회독용 암기 APP 제공],넥스트스터디(모두공북스),Aladin
33,한자급수자격시험 대한검정회 4급,한출판,Aladin
34,2027 에듀윌 KBS한국어능력시험 한권끝장+무료특강,에듀윌,Aladin
35,큰별쌤과 재미있게 공부하는 초등 한국사능력검정시험,이투스북,Aladin
36,2026 황철곤 지방자치론,사피엔스넷,Aladin
37,독끝 NCS 수리능력·응용수리 500제: 공기업 NCS & 대기업 인적성 대비 - 전2권,애드투,Aladin
38,Essential 최근 3개년 민사법 판례정리,윌비스(미래와사람 한림법학원),Aladin
39,"2027 해커스공무원 3분의 1로 줄여 쓴 김대현 행정법총론 기본서 (9급, 7급 공무원)",행정법 무료 특강 제공,Aladin
40,2027 해커스공무원 기출 보카 3000+ 1~2권+영어단어 미니암기장 3종 세트 - 전3권 (스프링),해커스공무원,Aladin
41,2027 해커스공무원 신민숙 쉬운국어 문법·공문서 강화 200제 (9급 공무원),신유형 반영,Aladin
42,2027 공단기 이유진 국어 독해 알고리즘 개념 훈련,공단기(에스티유니타스),Aladin
43,2026 경찰학 장품모 (장정훈의 품격있는 모의고사),느루(미래인재컴퍼니),Aladin
44,2027 해커스공무원 신민숙 쉬운국어 한 권으로 끝 (9급 공무원),해커스공무원,Aladin
45,원페이지 교육학 기본서 하,새벽노을,Aladin
46,출제 공식 29개로 끝내는 정재현 지텔프 Level 2,영단기(에스티유니타스),Aladin
47,2027 이동기 공무원 VOCA,지금(도서출판),Aladin
48,2026 서울대 TEPS 공식 기출문제집 5회분,시원스쿨LAB,Aladin
49,2026 에듀윌 위험물산업기사 필기 2주끝장 + 무료특강,에듀윌,Aladin
50,2027 공단기 월간 이유진 국어 미니모고 : 유형편,빛나는 별,Aladin
